pic1;pic2;score
41dTWz5u3OL._SX395_.jpg;516EJv4m1XL._SY300_.jpg;0
41JvUmCiEoL._SX395_.jpg;41B8Xw-YyUL._SX300_.jpg;0
41wRSnJ-qOL._SY445_.jpg;41i1viWuSKL._SX342_.jpg;0
31vnEoTtr0L._SY445_.jpg;41Y459ZO9GL._SY445_.jpg;1
41Jh1oxfyEL._SY395_.jpg;41QEtd5wQUL._SX342_.jpg;0
41yb0eMhu4L._SY395_.jpg;41vByVkLtZL._SY300_.jpg;0
41lptYdk5YL._SY300_.jpg;51avx1gB1kL._SY300_.jpg;0
41q43-qJqnL._SX300_.jpg;41Mops3Ic0L._SY395_.jpg;0
41BGxZziY3L._SY395_.jpg;51aOIRkj5TL._SY300_.jpg;0
41WfzyZnDnL._SY445_.jpg;31QKyA2CN9L._SX342_.jpg;0
51Xl6C0N2uL._SX395_.jpg;41jE6X-la6L._SX342_.jpg;0
41TSnH44MRL._SX395_.jpg;41viiKX-5hL._SY300_.jpg;0
41arzL4DwWL._SX342_.jpg;31B5WSQMS6L._SX395_.jpg;0
51pLt9f7NOL._SY445_.jpg;41XfSYT84eL._SY445_.jpg;0
41Cbkc7efHL._SY300_.jpg;51gFxUAlI2L._SY395_.jpg;0
41WTMHvyDFL._SY395_.jpg;51EZ1-XfQBL._SX395_.jpg;0
41rWEBKbYCL._SX395_.jpg;51aZnRYRCBL._SX342_.jpg;0
41aA086bRcL._SX395_.jpg;416%2BeUF8rhL._SX342_.jpg;0
41cdVpQC0VL._SX300_.jpg;41cF-iURWQL._SX342_.jpg;0
41TMHsjHHlL._SX395_.jpg;41hj-fKa7ML._SY300_.jpg;0
31--vqDOmoL._SY300_.jpg;517HqvdTdyL._SX342_.jpg;0
41jL%2B2iFI8L._SY445_.jpg;51QAcrbnp4L._SX342_.jpg;0
41cwk7ftLGL._SX342_.jpg;51QecFrIwUL._SX395_.jpg;0
41Lb3OpEnJL._SY395_.jpg;51dJeE1SCoL._SY300_.jpg;0
51BehuW6uEL._SY445_.jpg;51MhjbS4V-L._SX395_.jpg;0
41vLN0dnvCL._SX342_.jpg;51AWOxqZPoL._SX342_.jpg;0
41IZtJ8ZR%2BL._SY445_.jpg;41UEdjAOHiL._SY445_.jpg;0
41eLhswK2jL._SY395_.jpg;51va61OUWtL._SY445_.jpg;0
41I2NluyzGL._SX342_.jpg;41V1l61ahKL._SY445_.jpg;0
51vsRYz-AsL._SY300_.jpg;414kCadC6%2BL._SX342_.jpg;0
51IKVUNK7OL._SX342_.jpg;51BTlKQBQmL._SY395_.jpg;0
415esYUTfjL._SX342_.jpg;416r1OSTm-L._SY395_.jpg;0
31Lf-gfSW5L._SY395_.jpg;41zAyo9ADSL._SY395_.jpg;0
51bjDzitJEL._SX342_.jpg;31ztcScP%2BwL.jpg;0
41swP5HUBaL._SX342_.jpg;41RZHNhipaL._SX395_.jpg;0
51u7YuiF5qL._SX342_.jpg;31lblVV%2BpCL._SX342_.jpg;0
41v%2B706hBxL._SY300_.jpg;41st3yt3OtL._SX342_.jpg;0
3155DNFtIPL._SX342_.jpg;41uOQ765ihL._SX395_.jpg;0
51Xgw5HtYrL._SX395_.jpg;41QIEzKRBSL._SX342_.jpg;1
51rPjKgAgbL._SY300_.jpg;51iP8K8d9KL._SX342_.jpg;0
513I%2B6Ljy5L._SY300_.jpg;41HZc%2BsfEUL.jpg;0
41P6353rCUL._SX342_.jpg;41Upal0z8zL._SY445_.jpg;0
51rd7WHQJqL._SX395_.jpg;41-fqKHd7yL._SX342_.jpg;0
4102Vsjh%2BGL._SX342_.jpg;41HSPMVVT8L._SY395_.jpg;0
51nr4zndWjL._SY395_.jpg;41jLOikk7cL._SY445_.jpg;0
41heCRGqmwL._SY300_.jpg;41YCWMWyvKL._SY300_.jpg;0
41jhtv4mLTL._SY395_.jpg;61NDNIm7nPL._SY445_.jpg;0
41zd%2BXCyJ3L._SX342_.jpg;311VZtxhRjL._SX342_.jpg;0
51Q%2Bi7otVIL._SX342_.jpg;41Saz757f5L._SY445_.jpg;0
41NuGvvfuSL._SY445_.jpg;51P%2BO%2BVlBAL._SY395_.jpg;0
41mwjzi-sRL._SX300_.jpg;41alkUgOHyL._SX300_.jpg;0
415mI-1Lf6L._SX342_.jpg;510sPqJ62lL._SY300_.jpg;0
51uPQs%2BHYcL._SX395_.jpg;41b19nXAyQL._SX395_.jpg;0
418B61PQEZL._SX342_.jpg;41J-1AilTsL._SX342_.jpg;0
41AYqZ8lmqL._SX342_.jpg;41dsxzjnJEL._SY445_.jpg;0
41bZZ9CksmL._SY445_.jpg;51lrNcqqiAL._SX342_.jpg;0
51ajkWVIZ9L._SX342_.jpg;31lK1D19SlL._SY445_.jpg;0
41qY1c%2BtBEL._SX395_.jpg;310cRbA0dKL.jpg;0
41sTOjYs1SL._SY300_.jpg;51OWu1OIY0L._SX342_.jpg;0
51voVhhysaL._SY395_.jpg;31U-Ad4iPPL._SX342_.jpg;0
610o0U-BHCL._SX342_.jpg;514Q8xkoBeL._SX342_.jpg;0
41DOAq7KcyL._SY300_.jpg;51ULl6vBWsL._SY300_.jpg;0
41aWLIDdBlL._SX395_.jpg;411EgJD4CIL._SX395_.jpg;0
41mdvq4e61L._SX300_.jpg;41OR5pJptsL._SY395_.jpg;0
41zEMyC%2Bb1L._SX300_.jpg;417nBVWSmJL._SX342_.jpg;0
412%2BUqKcLgL._SX395_.jpg;416oOLjQb-L._SY395_.jpg;0
41wAhTexD5L._SX342_.jpg;51eh1NOJd5L._SY445_.jpg;0
41jTZ0RfGDL._SX395_.jpg;31pNPcSJNoL._SY300_.jpg;0
51roJya-RaL._SX342_.jpg;515JYSsxXAL._SX395_.jpg;0
41Fg8lqcBvL.jpg;41iuqcbgtfL._SX342_.jpg;0
313Kb-vfCoL._SX342_.jpg;41qTuwad8PL._SY300_.jpg;0
41yx4f7NsvL._SX342_.jpg;31hjZLAu90L._SX342_.jpg;0
41Mhobt%2B1cL._SX342_.jpg;41wJZCQPuvL._SY395_.jpg;0
41vXrNgR11L._SX395_.jpg;41bikYbEqwL._SX300_.jpg;0
41nqSmIOpEL._SX342_.jpg;410g78OXxML._SX395_.jpg;0
41sFW277eSL._SX395_.jpg;31PHW8GQFxL._SX342_.jpg;0
31YEQzyHcPL._SY300_.jpg;41pRt-4kgaL._SX395_.jpg;0
41GVJav%2BaLL._SX395_.jpg;41NAcahWucL._SY300_.jpg;0
51XuEpL80sL._SX342_.jpg;31eSn8Yj2TL._SX342_.jpg;0
51p6EsQK%2BFL._SY445_.jpg;41gcP9nCC0L._SX342_.jpg;0
51Tl5ZZbF8L._SY395_.jpg;41GXpWbVvdL._SX342_.jpg;0
41nmtWwql7L._SY395_.jpg;41ecTmIY-IL._SY445_.jpg;0
41N6iRFXHeL._SX342_.jpg;317eLm3Kd9L._SY445_.jpg;0
41pfVoMjRuL._SX342_.jpg;41VMUQmngoL._SY300_.jpg;0
51VQGjCFXzL._SY395_.jpg;41MlHtxNzBL._SX342_.jpg;0
51wr9dUZ4YL._SY445_.jpg;4102QQ5HRJL._SY395_.jpg;0
31LegE-JSNL._SY395_.jpg;41aTowfUu-L._SY395_.jpg;0
310n2CtuoZL._SX342_.jpg;41QFz7MYrWL._SX342_.jpg;0
31DqQIP9pkL._SX342_.jpg;41L9IjS6ecL._SX342_.jpg;0
41lHnu8-FyL._SX342_.jpg;41nHjG70QoL._SY395_.jpg;0
51M60CSjnhL._SX395_.jpg;41i8SRNsHlL._SY300_.jpg;0
418JOOBZ7KL._SY445_.jpg;512DDDHhjCL._SX342_.jpg;1
41kqnJmBcjL._SX342_.jpg;41WFuwJZCvL._SX395_.jpg;0
51U6Z2dxNWL._SX342_.jpg;41K-yfQZj7L._SY445_.jpg;0
312rEhtzayL._SY445_.jpg;31ajqitmOzL._SY445_.jpg;0
41YeQc1r%2BmL._SY445_.jpg;31ZEkhKCWvL._SY445_.jpg;0
317tR5iLQWL._SY300_.jpg;413WWIdvt2L._SY300_.jpg;0
415YEkgNt3L._SY395_.jpg;41cRjiyMj6L._SY395_.jpg;0
41-vsoSOF5L._SY395_.jpg;41Laqqgwd7L._SY445_.jpg;0
41FCklCdD%2BL._SX342_.jpg;51zCiY1MCOL._SY395_.jpg;0
61Op2XegAiL._SX395_.jpg;41mXiSx112L._SY300_.jpg;0
51A7FuIVxhL._SX342_.jpg;41y0BavrxlL._SY395_.jpg;0
51885grKYaL._SX342_.jpg;41C%2BWscFI2L._SY395_.jpg;0
41ztB2nN9IL._SX300_.jpg;418zjF%2BXRML._SX342_.jpg;0
41-GQ7GLkpL._SX342_.jpg;419OKFcE2uL._SX342_.jpg;1
31k0rOEurZL._SX342_.jpg;41t7SdzByBL._SX342_.jpg;0
41MyOfmSpPL._SX395_.jpg;41fwjsreC2L._SX342_.jpg;0
51dV8dnXZQL._SX342_.jpg;41829IJ-mqL._SX395_.jpg;1
51AOhQfpxqL._SY445_.jpg;51-V5KbGVrL._SY300_.jpg;0
419mhmnaOaL._SY445_.jpg;51yO7%2Bn%2BV-L._SX342_.jpg;0
41-8ivOnOVL._SX395_.jpg;41J1DEH2M7L._SX342_.jpg;0
31Ry4tjtkaL._SX395_.jpg;41jTpvGs9uL._SY445_.jpg;0
51mhHLfiibL._SY445_.jpg;419TVLx6ZtL._SY445_.jpg;1
31t%2BMs-di8L._SY300_.jpg;51eO4hqlfTL._SX395_.jpg;0
516RaKcwlLL._SY300_.jpg;31Sa4w3VItL._SY300_.jpg;0
41g1pm9vM5L._SX395_.jpg;41f5BZXRkIL._SY395_.jpg;0
41abXDv9DML._SY445_.jpg;31VsGbAzpBL._SY395_.jpg;0
41FH1c0PMOL._SX395_.jpg;31Qb0l33AyL._SX395_.jpg;0
31fJdAmzhRL._SY445_.jpg;31AXHwseV7L._SX342_.jpg;0
41gqoWEAqGL._SY395_.jpg;41IdrGi3qcL._SX342_.jpg;0
41cJt3JVW1L._SY395_.jpg;41zX2VXq%2BrL._SY395_.jpg;0
41clIwZBkuL._SX395_.jpg;41WA63FML5L._SY395_.jpg;0
418C%2Bi3J-8L._SX342_.jpg;41A5QWDXNPL._SY395_.jpg;0
414lfRg4S8L._SY445_.jpg;41KRNnXlpxL._SY445_.jpg;0
41jmTsYunzL._SY445_.jpg;31NtzRJQw6L._SX342_.jpg;0
41k5k6t%2BkpL._SX342_.jpg;51ThefeLadL._SX342_.jpg;0
31WZJqL5bCL._SY300_.jpg;31tCRCxSdyL._SY300_.jpg;0
31BmSF6XATL.jpg;41SokpiZjYL._SY300_.jpg;0
41QlQ-n80TL._SX342_.jpg;51JTsDn2NZL._SY395_.jpg;0
41PAmy9CEzL._SY445_.jpg;41kCUGxDY4L._SX395_.jpg;0
51K6OIMVN4L._SX342_.jpg;41MqSk1Ho6L._SX342_.jpg;0
41VxzW%2Bu-rL._SY300_.jpg;41-nxFA0piL._SX342_.jpg;0
31xdv27E4nL._SX342_.jpg;41gxxACqETL._SX342_.jpg;0
51wNsRd8NdL._SX342_.jpg;41kj2jTjn6L._SY300_.jpg;0
41lT6Qv07SL._SX342_.jpg;41Ma2KCPHML._SY300_.jpg;0
41ZpTLhejgL._SY395_.jpg;41uh%2BBsd59L._SY445_.jpg;0
41zCIC8aBaL._SX342_.jpg;51Ed3z61oXL._SY445_.jpg;0
41Mh0hQWfVL._SX342_.jpg;51RVWtqa44L._SX342_.jpg;0
31mDKc-6QgL._SX342_.jpg;51edtaZBb2L._SX342_.jpg;0
4133aKXOyML._SY300_.jpg;41nxEfVs3hL._SX342_.jpg;0
41N-aIo%2B4lL._SX395_.jpg;51sKMpQP5vL._SY445_.jpg;0
41MAbE34GUL._SY395_.jpg;415a-J-FXzL._SY445_.jpg;1
51amZpH3eHL._SX395_.jpg;41Rp%2BkGrCXL._SY395_.jpg;0
41mH8H6y7gL._SX342_.jpg;41Emob7VEKL._SX342_.jpg;0
41NYdrXwpaL._SX342_.jpg;41j7oCo2-GL._SX342_.jpg;0
41UV%2BBynSkL._SX342_.jpg;510rP1Do-WL._SY445_.jpg;0
51IURbdcLeL._SX342_.jpg;51jMHV8xYlL._SX342_.jpg;0
41qsk7-W8UL._SX395_.jpg;41ka1q0ldcL._SX395_.jpg;0
41JLTIqnDfL._SX342_.jpg;41VBlTEdDIL._SY395_.jpg;0
415zYBBfQgL._SX342_.jpg;51dqDjoKjOL._SX395_.jpg;0
41jNhKUEQdL._SX342_.jpg;41q1DJzIqEL._SY300_.jpg;0
41k3o-YPGHL._SX342_.jpg;41wYPWA82zL._SX395_.jpg;0
41ltrAwzUhL._SY395_.jpg;51POVo%2BbJEL._SY445_.jpg;0
41WoYIcvsmL._SY395_.jpg;41X7fmyTrWL._SY300_.jpg;0
41yLBO74VeL._SX342_.jpg;41mM%2BhV5T-L._SX342_.jpg;0
31f0rw808gL._SY445_.jpg;418O9R-2JML._SY445_.jpg;1
41GmdQTHt1L._SX342_.jpg;41jwTEKLG2L._SX342_.jpg;0
51Cb6U2lKrL._SX342_.jpg;31RKZAs8JmL._SY300_.jpg;0
41lztQBhBTL._SX395_.jpg;51dd0YdbXfL._SY445_.jpg;0
41QrWuXo0-L._SY445_.jpg;41AX8E8Z03L._SY395_.jpg;0
31BtKziguGL._SY445_.jpg;41GFa5kfK-L._SY300_.jpg;0
51c6AzpxxzL._SX342_.jpg;411BmSwV%2BnL._SX342_.jpg;0
31YCi6wjx0L._SX395_.jpg;31gaPboMPQL._SX342_.jpg;0
51U1htmtq6L._SX300_.jpg;41rpd2vLgjL._SY395_.jpg;0
41JuS4IEGAL._SX342_.jpg;517E%2Bn5eoWL._SY300_.jpg;0
41i4txwP0TL._SX395_.jpg;41lofmPAt5L._SY445_.jpg;0
51F-VAnLy8L._SY395_.jpg;51WGx0Q6wwL._SX342_.jpg;0
41VANj4YLjL._SX300_.jpg;41IYHuIX7QL._SX342_.jpg;0
41Eiwvneh8L._SY300_.jpg;31PBV54KZVL._SY445_.jpg;0
41XyusMlTML._SY445_.jpg;41zHGgYg12L._SY445_.jpg;1
41jLA0pMHXL._SY445_.jpg;51sfCR8znCL._SY445_.jpg;0
31iYPUG5MML._SY300_.jpg;41v2NENeCLL._SY445_.jpg;0
41LRnbSjotL._SX342_.jpg;51qI9HMkRFL._SX395_.jpg;0
41zIEz1ldTL._SY395_.jpg;41TuekXEjkL._SY445_.jpg;0
41IBN-gvVRL._SX395_.jpg;41Umn2kj9LL._SX300_.jpg;0
51a2EjHY%2BXL._SX342_.jpg;41uCNtDuq6L._SY395_.jpg;0
51Cj8iu9vKL._SY445_.jpg;41jxLAIotRL._SY395_.jpg;0
417XEY%2Bt1CL._SX342_.jpg;41qxnfQBKlL._SY395_.jpg;0
41z9sRgdFrL._SX342_.jpg;41tUMdv12bL._SY445_.jpg;0
31jsQ%2BgCqdL._SX342_.jpg;51ocM4ndTML._SX342_.jpg;0
41RzTiS7FwL._SX342_.jpg;419U0t%2BbhxL._SX342_.jpg;0
3190Oy3hmlL._SX342_.jpg;413clzlBTOL._SX395_.jpg;0
41hFEyQKbmL._SY445_.jpg;51bVw5Wk0iL._SY395_.jpg;0
41raD3ZYuVL._SX395_.jpg;41IO17MfqSL._SY445_.jpg;0
41mvaxV1WhL._SX342_.jpg;417u%2BNu1WaL._SX395_.jpg;0
41mvSTGmh7L._SY395_.jpg;41OHzdY5FAL._SX342_.jpg;0
41If0jV-DmL._SX395_.jpg;41380zig0HL._SY395_.jpg;0
31Ldks8OMjL._SX395_.jpg;31RvOAeB0VL._SX342_.jpg;0
310MJR%2BgnlL._SX395_.jpg;41x690rLGuL._SY445_.jpg;0
41UIuPtkRKL._SY300_.jpg;418x6weGW1L._SY395_.jpg;0
51iPAwuCNgL._SY445_.jpg;41vn8X-cUUL._SY395_.jpg;0
41DykhK8IeL._SX342_.jpg;41kchO%2BtUVL._SY395_.jpg;0
512nqYNSHSL._SX300_.jpg;41J8VMFTD7L._SY395_.jpg;0
417pDP9w5ML._SX395_.jpg;41uPcl371SL._SY300_.jpg;0
410JfOpslWL._SX395_.jpg;51JnPxVRr7L._SY445_.jpg;0
41%2BtvWJ8fXL._SY445_.jpg;51vJoeOUZ%2BL._SY300_.jpg;0
31Gi7Bws4rL._SY445_.jpg;41wd%2BOw%2BawL._SX395_.jpg;0
41-VU8bt2oL._SX342_.jpg;411s9MCH7WL._SX342_.jpg;0
41jpsEvkHHL._SY300_.jpg;519reqDBM1L._SX342_.jpg;0
41biOCllRKL._SY395_.jpg;51nMO8Wl8hL._SX342_.jpg;0
31DbwwEmvPL._SY445_.jpg;41CcWkDbQoL._SX395_.jpg;0
41HkUmQqAaL._SX395_.jpg;412t9exJ2TL._SX342_.jpg;0
41ZRJWq1d6L._SX342_.jpg;41UXlE7zpnL._SX300_.jpg;0
41GfyOJKbAL._SY300_.jpg;41TGddFrFKL._SX342_.jpg;0
41GsjkNYqpL._SX342_.jpg;31sDJapTHfL._SY300_.jpg;0
41WUreIlkmL._SX300_.jpg;41jEstfpnZL._SY395_.jpg;0
31UkbfrmzDL._SX342_.jpg;411K1hL8ZiL._SX395_.jpg;0
41FEhW-7YhL._SX395_.jpg;41PGGADA4bL._SY300_.jpg;0
41mVJlJNa8L._SY445_.jpg;510bjNf2kbL._SX342_.jpg;0
5160715jQzL._SY395_.jpg;51dYnmoifoL._SX395_.jpg;0
41wqIT9TEpL._SY445_.jpg;41w6OJv2F6L._SX342_.jpg;0
41XJkae58KL._SX342_.jpg;41AspoPJ1iL._SY300_.jpg;0
51ONWl900jL._SX342_.jpg;41ohe2BY-HL._SX342_.jpg;0
41%2BX4iDx%2BjL._SX342_.jpg;51FNE6qd06L._SY300_.jpg;0
31f8ZGZ-aRL._SX342_.jpg;41NiXRhXt6L._SY300_.jpg;0
51dQ0fUnJ6L._SX395_.jpg;51vS3xRU%2BiL._SX395_.jpg;0
51p3VK2ObEL._SX342_.jpg;41SSPqaH6lL._SY300_.jpg;0
410XYYzM7rL._SY445_.jpg;5169KjPvBRL._SX342_.jpg;0
41GJ%2B19AjvL._SY445_.jpg;41gYBBdn2VL._SY445_.jpg;0
41cmKP99JdL._SX342_.jpg;31wr8N52vsL.jpg;0
51pRDIhqd-L._SY300_.jpg;41YyB9SnxPL._SY395_.jpg;0
31sToQGIXDL._SY300_.jpg;51LmtkaK%2BAL._SY445_.jpg;0
51wFoUPRswL._SX342_.jpg;415E4ibCUEL._SY395_.jpg;0
41oQ4TULDIL._SY395_.jpg;41nlUs9MfCL._SX395_.jpg;0
419Zubq3acL._SY300_.jpg;41gl286%2BkBL._SY395_.jpg;0
518NCpApA5L._SX342_.jpg;41lMp%2ByWcXL._SY445_.jpg;0
418hAwA1RML._SX342_.jpg;41p1q8W91qL._SX342_.jpg;0
31P0MmWGlYL._SY300_.jpg;41b4J8HK0FL._SX395_.jpg;1
41kCjDEHwXL._SY445_.jpg;21RE88B85VL.jpg;0
41gSR5RbsYL._SY395_.jpg;41lUSJ%2BVjsL._SX342_.jpg;0
41vL%2BWxebeL._SY445_.jpg;513pdKBfAJL._SY395_.jpg;0
21vDQ8MXsQL._SX342_.jpg;41BTLEcOigL._SY395_.jpg;0
41Tcap54eSL._SX395_.jpg;51ojE0ZLvKL._SY395_.jpg;0
41fZKMqc2iL._SX342_.jpg;51Y5giFpTFL._SX342_.jpg;0
51vRebhb8CL._SY445_.jpg;41hUw1q3gDL._SX342_.jpg;0
41hWlBiTphL._SX342_.jpg;41DHBW2KNRL._SX342_.jpg;0
51FNjqYQgCL._SX342_.jpg;41ceEkY0O5L._SY395_.jpg;0
41-yaPpgUWL._SX395_.jpg;41ILwmxcyNL._SX395_.jpg;0
41cGpSMSo2L._SY445_.jpg;311V6lfkjiL._SX395_.jpg;0
51izIFLD5%2BL._SX342_.jpg;41ljJcN4r4L._SY300_.jpg;0
41ljK5C9CLL._SY300_.jpg;319e0UxtGCL._SX342_.jpg;0
41l9omnLi-L._SX342_.jpg;31l-tqRZCeL._SX342_.jpg;0
41RLGtM5TEL._SY300_.jpg;41bPSFh3WhL._SY300_.jpg;0
517Bq9JwIRL._SX342_.jpg;31ukRyH9IJL._SX342_.jpg;0
41r66WHW9AL._SY445_.jpg;4147v4XtyFL._SX342_.jpg;1
41Q26H9W1-L._SX395_.jpg;41BzByT6ayL._SY300_.jpg;0
41stpUTT-sL._SY445_.jpg;51RGgCl1EML._SY445_.jpg;0
41Ng75G%2BHsL._SX342_.jpg;51mCrF3ix6L._SY445_.jpg;0
415l7lmOx2L._SY300_.jpg;31L9Kpj5VWL._SX342_.jpg;0
4128QJQryIL._SX342_.jpg;41WIbVD-5WL._SY395_.jpg;0
41hF%2BQdi7YL._SX300_.jpg;41xMudnk8KL._SY395_.jpg;0
41eegKA3tyL._SY395_.jpg;41814mAkLlL._SY445_.jpg;0
612ztd-Z2bL._SX342_.jpg;414v4CvWZEL._SY300_.jpg;0
41%2BHafe39NL._SY445_.jpg;41x4m6MmZBL._SY300_.jpg;0
41OICBQHzJL._SX300_.jpg;41eQrKd92EL._SX342_.jpg;0
31V1lYw7pkL._SX395_.jpg;31B6f4MG8-L._SX342_.jpg;0
51cjMX-rXXL._SY300_.jpg;515E4jpeEPL._SY300_.jpg;0
41PC78ToCQL._SY300_.jpg;51QI5BHEzjL._SX342_.jpg;0
41cGpSMSo2L._SY445_.jpg;31QnunVI-JL._SY300_.jpg;0
514SFWFywAL._SY395_.jpg;41g75ewE7HL._SX395_.jpg;0
31BO6Zm2LpL._SX395_.jpg;41Z3ylmTLCL._SX342_.jpg;0
41kcZkI%2BiSL._SY445_.jpg;51g5bG2DarL._SY300_.jpg;0
41IKtPGr16L._SX342_.jpg;31Ln7%2BThDLL._SY300_.jpg;0
41C2krcJZsL._SX395_.jpg;41%2Blj2rPUNL._SY395_.jpg;0
41rIQrDsluL._SX395_.jpg;41zQjpF3PcL._SX395_.jpg;0
4147uqzgc9L._SX342_.jpg;41Eu8WcdowL._SX342_.jpg;0
51JovQo57yL._SY300_.jpg;41-x9Dx3zvL._SX300_.jpg;0
41V3Q3eZrpL._SY300_.jpg;4120sufTHiL._SY445_.jpg;0
51Orf%2Bo0uYL._SX342_.jpg;41sbLpK8cEL._SY300_.jpg;0
41JB99%2BRHhL._SX342_.jpg;41gCaGLLRML._SX342_.jpg;0
41PBCSVRW5L._SX395_.jpg;51Pvafd8mSL._SY445_.jpg;0
51qD0EiLsXL._SY395_.jpg;31FGUkPubaL.jpg;0
41yo%2BjGx8jL._SX395_.jpg;31wcACiNmvL._SX395_.jpg;1
31zXWQd8sBL._SX395_.jpg;31X0ZgOTjPL._SX342_.jpg;1
41yYyo3C5WL._SX342_.jpg;51v3KoQqjEL._SY300_.jpg;0
41d7TC0pIML._SX342_.jpg;41EVyBv2r1L._SY395_.jpg;0
41UuwCgdT%2BL._SX300_.jpg;41wjI4OYSbL._SX342_.jpg;0
415ZlRIkCML._SX395_.jpg;41Kbdn6UN-L._SY300_.jpg;0
41at13vKVEL._SX342_.jpg;41YwyoyDuBL._SX342_.jpg;1
41NGDKGViYL._SX342_.jpg;31MPT3J7QJL.jpg;0
41IzhUHMz1L._SX342_.jpg;31W7nqu-82L._SY445_.jpg;0
31gdYnbudCL._SX342_.jpg;51ocWZF71%2BL._SX342_.jpg;0
31CecJMyqvL._SY445_.jpg;41X3Wpb5doL._SX342_.jpg;0
31x8pTk7RML._SX342_.jpg;31m%2BbbybDNL._SY300_.jpg;0
51dtrW86cbL._SY395_.jpg;51BN%2BWgBT0L._SY445_.jpg;0
41lztQBhBTL._SX395_.jpg;31J5Jr4xxuL._SY445_.jpg;0
51nJV%2BWpopL._SY300_.jpg;41GA3lqRSCL._SY300_.jpg;0
41e1OvndZ2L._SX395_.jpg;31EX8z00oxL._SY445_.jpg;0
41aTxw80r0L._SX395_.jpg;41zHwJ-8uGL._SY395_.jpg;0
41gAe7BFv9L._SY395_.jpg;51njSs64Y4L._SX342_.jpg;0
51GvOfG0cKL._SY395_.jpg;31h2r-lWS9L.jpg;0
31VpPJogmyL._SY445_.jpg;41uGvdGqi0L._SY395_.jpg;0
41R8GVtmDdL._SX300_.jpg;41qAXXABUyL._SX395_.jpg;0
51oSdZaM-%2BL._SY395_.jpg;41c0UuYtk7L._SY300_.jpg;0
51j2Y58%2BoiL._SX342_.jpg;41DeapdRgPL._SX342_.jpg;0
31TMNyt6HkL._SY445_.jpg;41tLWXWmn-L._SX342_.jpg;1
41UhcQETo8L._SY395_.jpg;41aHNb8WwNL._SX395_.jpg;0
31vTllMqEYL._SX395_.jpg;31Q9FP2fiLL._SY300_.jpg;0
41J3y6JxcjL._SX342_.jpg;414bT5VS73L._SX342_.jpg;0
51toCoemk1L._SY300_.jpg;51eIkranlqL._SY395_.jpg;0
51xrfWXGNLL._SY445_.jpg;415s3HOtdaL._SY300_.jpg;0
41ExQXda4tL._SX395_.jpg;218pAO4JgGL.jpg;0
41tBS1J1yXL._SX395_.jpg;41v6rPLO1YL._SX342_.jpg;0
41xAwYark3L._SY445_.jpg;41u8ihVLtWL._SY300_.jpg;1
51LE-sUh5ZL._SY395_.jpg;41frGZJJTaL._SX342_.jpg;0
41RTFA69fKL._SX342_.jpg;41u2eTFJV8L._SY445_.jpg;1
51vok-ejh1L._SX395_.jpg;31W7KTNQsiL._SY300_.jpg;0
41%2BLced71FL._SX342_.jpg;41-WHEEWbpL._SX342_.jpg;0
31QfAykLDfL._SX395_.jpg;31cDRYSm2OL._SX395_.jpg;0
41dboRfV54L.jpg;41juvNawZqL._SY300_.jpg;0
41WzksbQ3wL._SY445_.jpg;319kONo987L._SX395_.jpg;0
41XkhOCwjqL._SX395_.jpg;41K%2BVJ49ySL._SY300_.jpg;0
31f%2BWj9sAxL._SY395_.jpg;419TJwcuaXL._SY395_.jpg;0
11n3RSgvuRL.jpg;316J14DUtgL._SY395_.jpg;0
418i9ChWDsL._SX342_.jpg;41%2BWUIOJHcL._SX395_.jpg;0
41vicK0dvCL._SY445_.jpg;31zufUBQ4BL._SY300_.jpg;0
41rjEznaiPL._SX395_.jpg;31PP6s9L7yL._SY300_.jpg;0
41fV9e2epjL._SX342_.jpg;41X0Ebx5AEL._SX342_.jpg;0
51QYneHvBiL._SY395_.jpg;41TB1mPnfZL._SY445_.jpg;0
41N1q4dfNrL._SY300_.jpg;41iDU106m-L._SY395_.jpg;0
41lPsm49r2L._SX342_.jpg;31NMNTJ8rSL._SY300_.jpg;0
41TSabMXOCL._SX395_.jpg;51lzPTk26dL._SY300_.jpg;0
41wdrdVCqgL._SX395_.jpg;41Kb98oNhyL._SY445_.jpg;0
41I5fMDcsWL._SX342_.jpg;51pqxz3JM1L._SX342_.jpg;0
41UQNTFK1SL._SX395_.jpg;41LA6vupc7L._SX342_.jpg;0
41GkN28iYCL._SY300_.jpg;414icc78odL._SX342_.jpg;0
41ogtjFaJ6L._SX342_.jpg;41jnPU6XiEL._SY300_.jpg;0
31REXvEciGL._SX300_.jpg;41qUltVok-L._SX342_.jpg;0
31mP9Cnqq3L._SX342_.jpg;51qFMiJQMBL._SY445_.jpg;0
41kTb2-58DL._SX342_.jpg;41tdeLN9WsL._SX342_.jpg;0
51Al4o0geiL._SX342_.jpg;31jrH4yyAQL._SY445_.jpg;0
41yM2hiqkvL._SY300_.jpg;51mqTBM0IoL._SX342_.jpg;0
31DQnWduCsL._SY445_.jpg;31JjD1ST2hL._SY445_.jpg;0
517ek%2BviowL._SY300_.jpg;31QXIjJ99tL._SX395_.jpg;0
51NgPXL2DeL._SX342_.jpg;412Q8-s7MEL._SY395_.jpg;0
41if9nhRmNL._SX342_.jpg;61xKenG%2B0hL._SX342_.jpg;0
517Z-VFdnxL._SX395_.jpg;41vB1-8HB1L._SX395_.jpg;0
41rYAp%2B4BoL._SY395_.jpg;31si2mEBG5L._SX300_.jpg;0
41mWTfi7R5L._SX300_.jpg;41218HfXX4L._SY300_.jpg;0
41Gw5xWKHyL._SY300_.jpg;51KGUlo3R0L._SX342_.jpg;0
41fwdHH5BVL._SX395_.jpg;41DNUmbHbeL._SY445_.jpg;1
41l%2BxoD6ldL._SX342_.jpg;41uiw6UoREL._SY445_.jpg;0
31syRaRQlML._SX300_.jpg;51yf4MkvdWL._SX395_.jpg;0
51GeDiXxXLL._SX342_.jpg;41kr9oV3nPL._SY395_.jpg;0
41NGcRYewrL._SX342_.jpg;51xeC4-dXeL._SY300_.jpg;0
415TfK%2Bvg%2BL._SX342_.jpg;31ltSrqnJTL._SY445_.jpg;0
41XKCH2rx0L._SX342_.jpg;51jt68EhsxL._SX342_.jpg;0
515Mz6FWKZL._SX342_.jpg;51sJiIEEOYL._SY445_.jpg;1
41hE-aNjj-L._SY445_.jpg;419VMGEL4cL._SX300_.jpg;0
411UcT0BsKL._SY445_.jpg;51OTtyoig5L._SY395_.jpg;0
41wai9RMdhL._SY395_.jpg;41u5jxsAO2L._SY445_.jpg;1
41uFvp3vmRL._SX395_.jpg;31K733AE74L._SY395_.jpg;0
41jI8DEagjL._SX342_.jpg;216aewY3j3L.jpg;0
51jFHwPRcKL._SY445_.jpg;41fy71ByXFL._SX342_.jpg;0
51-VxnqFYnL._SY395_.jpg;41Tt7uaYyuL._SY395_.jpg;0
31yB28It7pL._SX342_.jpg;41h9--ONsRL._SX342_.jpg;1
41cnFM3HocL._SY445_.jpg;31cApeK2m0L._SY395_.jpg;0
314trJ4lPuL._SY445_.jpg;51s03ibpgnL._SX342_.jpg;0
51hIS47NEML._SX342_.jpg;41zzoHDoBFL._SY445_.jpg;0
41pv8S91U%2BL._SX395_.jpg;414-l1VvORL._SX342_.jpg;0
41O4XgGuNIL._SX342_.jpg;510EGO3Z8xL._SX342_.jpg;0
41vA1ptc81L._SX395_.jpg;41T2JjzOT4L._SY395_.jpg;0
41qUO9kRXmL._SX342_.jpg;41dpKqANsOL.jpg;0
51CAq0I62JL._SY445_.jpg;51iv7k4MFhL._SX342_.jpg;1
41QMHF4Ol-L._SX342_.jpg;31mUsgENLEL._SX342_.jpg;0
410KFJZz9DL._SX342_.jpg;41YQaZdXTUL._SX342_.jpg;0
41SPW1ZhDiL._SX395_.jpg;31wFXGZ-WwL._SY300_.jpg;0
31yfyaKTv5L._SX342_.jpg;31lCIb-IRWL._SY445_.jpg;0
41ShmxPLbGL._SX342_.jpg;51czL5VrrDL._SY300_.jpg;1
31HjKRQ3WhL._SY445_.jpg;41fhcjweDiL._SX395_.jpg;0
31FSt9U76SL._SY300_.jpg;41WUeG8CxwL.jpg;0
51aRxUQ5jQL._SX342_.jpg;51d6ObflHJL._SX342_.jpg;0
41ZmLU4NL2L._SX395_.jpg;51HpFArL3yL._SY300_.jpg;0
41UEfwtm6PL._SY445_.jpg;61NT5zZYHdL._SX342_.jpg;0
41n-wgxhdhL._SX342_.jpg;41UUDBpIeUL._SY395_.jpg;0
61FOfbCvBpL._SY300_.jpg;3198DT3kX1L._SY300_.jpg;0
41ScSQwSCnL._SY445_.jpg;51vm7bR4OKL._SX342_.jpg;0
51p7QqBFsiL._SX342_.jpg;313aRYqe7-L._SX300_.jpg;0
41i2NRv6BmL._SY445_.jpg;41GNsXcxL0L._SX395_.jpg;0
41fZY4MCE6L._SY395_.jpg;51X8MYBHHSL._SX342_.jpg;0
31skoQfDmuL._SX342_.jpg;51FTPh0gNbL._SX342_.jpg;0
415zZgfyvGL._SX342_.jpg;51-mX7bxQtL._SX342_.jpg;0
41CadEqcQmL._SY300_.jpg;41jGgnHPvuL._SX342_.jpg;0
31UYVTDE%2B-L._SX395_.jpg;51Mfb2wc%2B1L._SY395_.jpg;0
415yWmsg44L._SX342_.jpg;417Ww%2BXOWzL._SX300_.jpg;0
31L0hYjJpBL._SY445_.jpg;518XUpZGc3L._SY445_.jpg;0
51cEXTprFOL._SX395_.jpg;514yzuWKC3L._SX342_.jpg;0
51a-Lj0PXwL._SY445_.jpg;415rqa5wv0L._SY300_.jpg;0
41TmXWNHVtL._SX395_.jpg;51639EP0e6L._SX342_.jpg;0
31LHF4YGV8L.jpg;51j-Jn9XR3L._SX342_.jpg;0
41%2BTKRA1oqL._SX395_.jpg;41IKRscqZgL._SY445_.jpg;0
31RRakIUhGL._SX342_.jpg;41z4fpYW8jL._SX300_.jpg;0
41FQ8fSfZWL._SY300_.jpg;41c3YpL0i8L._SX342_.jpg;0
41A4vTlrxVL._SY395_.jpg;41ZQFk9xmDL._SY300_.jpg;0
31-NIz0eo3L._SY445_.jpg;41bBlPZ%2BAbL._SY445_.jpg;1
41Y%2BQalxamL._SX395_.jpg;41pxV2z%2BRGL._SX342_.jpg;0
51BoRKaIW3L._SX342_.jpg;31urddmabSL._SY445_.jpg;0
31pm21FU4kL._SX342_.jpg;514trIN2KCL._SY395_.jpg;0
51TMbmqD8EL._SY300_.jpg;41g8VzJcXlL.jpg;0
41V6SRpz5JL._SY445_.jpg;51WT7yLuAoL._SY300_.jpg;0
51AXXHbp7cL._SX342_.jpg;31XC-Fg--gL._SX342_.jpg;0
41PzTzWvK-L._SY300_.jpg;416vbZbo%2BVL._SX342_.jpg;0
41kKbo0QU6L._SX342_.jpg;31Gym3P6W2L._SX300_.jpg;0
31XQb9uEWRL._SX342_.jpg;51AoH%2BWbf1L._SX342_.jpg;0
41gtur4PCVL._SX342_.jpg;41EO85POrCL._SX342_.jpg;0
51EbYBXrUGL._SX342_.jpg;41QyqbEkqxL._SX342_.jpg;0
61a4JllKbLL._SX342_.jpg;416Y7NX5gmL._SY445_.jpg;0
31Ya-lR8F1L._SX395_.jpg;41tGLKdS1QL._SY300_.jpg;0
417aSzf8nNL._SX342_.jpg;41%2Bxz4J%2BvSL._SY395_.jpg;0
61-dpXQgrIL._SX342_.jpg;41lmHvLt1JL._SY395_.jpg;0
51XUl6b9SuL._SX342_.jpg;51tfUnFq2gL._SY395_.jpg;0
41Qf5DVeZSL._SX342_.jpg;51wRZB2I8UL._SX395_.jpg;0
41s%2BqEnNMpL._SX395_.jpg;41Jj65KqH9L._SY300_.jpg;0
51LZwIz2yYL._SX342_.jpg;31VmLUJhrGL._SY395_.jpg;0
41HX7ySf33L._SX395_.jpg;51uZsEuX9lL._SY395_.jpg;0
41zHyUL1rkL._SX395_.jpg;41zW6JmiN8L._SX342_.jpg;0
31vrP%2B9VVDL._SX342_.jpg;51rBw0qIqTL._SY445_.jpg;0
41KLK%2BUcvkL._SX342_.jpg;41T9zbBpK6L._SY395_.jpg;0
41218pJq8EL._SY395_.jpg;418V7KKZ0BL._SY300_.jpg;0
41jLoyLP71L._SY300_.jpg;41QqqtRgxvL._SY395_.jpg;0
31NyeXlet8L._SY300_.jpg;41bFDI%2BRkpL._SY445_.jpg;0
510diYUekWL._SX342_.jpg;312WMbKDWgL.jpg;0
41Lgzn5GuLL._SX300_.jpg;41crCxwSgyL._SY300_.jpg;0
41Ce8dOaR-L._SY445_.jpg;31zwaPXkroL._SX342_.jpg;0
41MB3y7R3xL._SX342_.jpg;41h5Ibbyl3L._SY300_.jpg;0
41TQskllDQL._SX395_.jpg;41Xwq3XJvaL._SX342_.jpg;0
41Qbt7k2yPL._SX342_.jpg;41aX30mQQgL._SY395_.jpg;0
51u1jeGxpbL._SX342_.jpg;51T7wQd0wzL._SY300_.jpg;0
51W52WI-TcL._SY445_.jpg;31yyXjVgbbL._SX342_.jpg;0
41s4Q1ZSChL._SY300_.jpg;41EIVSpDSvL._SX342_.jpg;0
315V9VgAmmL._SX342_.jpg;41D9HKHUMbL._SX395_.jpg;0
51CLNYbRo4L._SX342_.jpg;41GcDKHlC4L._SX342_.jpg;0
41P5Bc2ITtL._SX342_.jpg;41SLuSzXI-L._SX342_.jpg;0
31NtJL5VEaL._SX342_.jpg;41iEvVvGmfL._SX342_.jpg;0
41MD2ukgSUL._SX342_.jpg;51fbIGLOjSL._SY300_.jpg;0
51lNRI0EcJL._SX395_.jpg;31mj8BJ97rL._SY445_.jpg;0
41jVIFlUFeL._SY395_.jpg;41AkGXAU5bL._SY395_.jpg;0
41d3Adwl2bL._SX342_.jpg;41lNYzb2K6L._SY300_.jpg;0
31l-Reh7APL._SX342_.jpg;41VtqdJ0vkL._SX395_.jpg;0
41%2BigNDI5eL._SY395_.jpg;51uGaMCTtiL._SX395_.jpg;0
41pLmTp4LjL._SX342_.jpg;41Vz-g%2BlnYL._SX342_.jpg;0
31T5%2BZU-FwL._SX395_.jpg;41Fr2WIA2sL._SY395_.jpg;0
41FzU%2Bjnh6L._SX342_.jpg;412L8GmpJ%2BL._SX342_.jpg;0
41VwSQvrx0L._SX342_.jpg;31tJ94r0MdL._SY445_.jpg;0
41qw6tCE-AL._SX342_.jpg;41c4HTAhPXL._SY395_.jpg;0
41Pm56glYDL._SY395_.jpg;41ewGAftkxL._SX342_.jpg;0
51YBcqIlJqL._SY445_.jpg;41sCaooGJRL._SY445_.jpg;1
413ZU5qJxTL._SY300_.jpg;41Ll4eEi%2BiL._SX395_.jpg;0
31Ej8AeddSL._SY445_.jpg;51GCxGTt7hL._SY300_.jpg;0
41Akw20KAuL._SX395_.jpg;41diSuHoTDL._SY395_.jpg;0
41VCm-uVErL._SX395_.jpg;41B0H9RqMZL._SY300_.jpg;0
51fRC4PyLWL._SX342_.jpg;41RatfkVGxL._SY300_.jpg;0
41EWlJguHML._SX342_.jpg;51GDA7m2wQL._SX342_.jpg;0
51vSLCJ6Z8L._SX342_.jpg;41XyXra4qRL._SX342_.jpg;0
51zwdlU3esL._SX342_.jpg;41Q2sI6mzJL._SX300_.jpg;0
31iXkHVsRLL._SY395_.jpg;31v4lzxZqkL._SY445_.jpg;0
31IqtJ6H6SL._SX342_.jpg;31S0Y0M6ndL._SX342_.jpg;0
41cwwbe5QaL._SX395_.jpg;51HF-WcnRML._SX395_.jpg;0
41xt3AhlZSL._SX395_.jpg;51tvHyMsV6L._SX342_.jpg;0
51pHk1uaoSL._SX342_.jpg;41Sv%2BLcGrlL._SX300_.jpg;0
41ha7iUWXDL._SY445_.jpg;415fqznXG5L._SX342_.jpg;0
41N1MDBYOgL._SX342_.jpg;41oTyO1SF4L._SY300_.jpg;0
41SR3nl2HGL._SX342_.jpg;41YVaz5psaL._SY300_.jpg;1
416SHn%2BEd%2BL._SX342_.jpg;41%2BHlFkrYuL._SX395_.jpg;0
51T9Eni6qXL._SY445_.jpg;31knFTGhFOL._SX395_.jpg;0
51Za3LbW63L._SX395_.jpg;51akHRGgbrL._SX342_.jpg;0
51vAhxDvyPL._SY300_.jpg;41UIF6UJRML._SY445_.jpg;0
31md8yRs-oL._SX342_.jpg;517xvb%2BAJmL._SY395_.jpg;0
51PxbcZKLHL._SY445_.jpg;41tLWXWmn-L._SX342_.jpg;1
4183NO6i4TL._SY300_.jpg;51EM0n3G8NL._SY300_.jpg;0
41FxGXozXjL._SX395_.jpg;318botC-9SL._SY445_.jpg;0
41x91CFSDIL._SY445_.jpg;51a3vf58V5L._SY445_.jpg;0
41halBJplyL._SX395_.jpg;41QkYBwO4oL._SY395_.jpg;0
51RxE03N7jL._SY445_.jpg;417ehnbbUSL._SX342_.jpg;0
41evwUFfmLL._SY445_.jpg;51%2BYUbyXIGL._SY445_.jpg;0
41CsM14MAcL._SX342_.jpg;51VH9XmXvBL._SY395_.jpg;0
413vH-3d6dL._SY395_.jpg;51Gb1RvfWoL._SY300_.jpg;0
51uS1SB4twL._SY395_.jpg;51L7QoCTUyL._SX395_.jpg;0
41K4USn8ngL._SY395_.jpg;41hyTYImJ5L._SX342_.jpg;0
41EXzeC-b%2BL._SY445_.jpg;41Aa7Werf5L._SY395_.jpg;0
51-Ko-JdLLL._SX342_.jpg;51DlvfMdrHL._SX395_.jpg;0
41wP-xcYsTL._SY300_.jpg;41GI1O6xuYL._SX300_.jpg;0
31b8HzChSVL._SX342_.jpg;41aefWyf5oL._SX342_.jpg;0
41JTNqNYXHL._SY395_.jpg;41KxyUyXQrL._SY300_.jpg;0
41BMPw9CrYL._SX342_.jpg;41nY2R1iVnL._SY300_.jpg;0
41hzKM4vc%2BL._SY395_.jpg;51zl4cwSpuL._SX342_.jpg;0
41CBZoxGQ-L._SX342_.jpg;41mJKa23oJL._SY445_.jpg;0
413hYnkRprL._SY445_.jpg;41tLWXWmn-L._SX342_.jpg;1
41fALIW-K2L._SX395_.jpg;414GKx6JBxL._SY395_.jpg;0
4184wnuB-lL._SX342_.jpg;410%2BjVOwKIL._SY395_.jpg;0
31dTnNdcmLL._SY300_.jpg;41FACOPz87L._SY445_.jpg;0
41SYi3PS9dL._SY445_.jpg;313JnkvWUKL.jpg;0
41%2B9-gQfhbL._SY300_.jpg;51tTtKowq8L._SY395_.jpg;0
41JRYjRDBqL._SY445_.jpg;512ayhfteZL._SY300_.jpg;0
41eTPaIgQZL._SX395_.jpg;51ziWPeshxL._SY300_.jpg;0
41Hb0Xw9ooL._SX395_.jpg;412dGlBOsAL._SX342_.jpg;0
41Xa2%2BXeN0L._SY445_.jpg;41jUhTPcmLL._SY395_.jpg;0
416MGiFu0cL._SY445_.jpg;41esEI5H1JL._SX342_.jpg;0
417YGApj5wL._SY445_.jpg;41T0irniINL._SY445_.jpg;1
51vAbo3edOL._SY300_.jpg;31S895k-UkL._SX395_.jpg;0
41PaN5D1JdL._SY445_.jpg;41DNUmbHbeL._SY445_.jpg;1
41MI9HxpajL._SX342_.jpg;41tQoMyaKTL._SX395_.jpg;0
31KhHUB8wEL._SX342_.jpg;41RHoT3yARL._SY395_.jpg;0
41NIQOe0tTL._SX342_.jpg;4125sitOxxL._SY300_.jpg;0
41O4dvHj0ML._SY300_.jpg;41y45HlognL._SX342_.jpg;0
51aYGL7DYRL._SY445_.jpg;415iGHXvRuL._SY445_.jpg;0
51%2BmEN7ZsbL._SX342_.jpg;41R3CTykFaL._SX395_.jpg;0
41h7QimxvOL._SY395_.jpg;41MgILzRBZL._SY300_.jpg;0
41-fEMscCPL._SX395_.jpg;41PmQ7UhU8L._SY395_.jpg;0
41D7qu14OjL._SX342_.jpg;415HUhC3QjL._SY395_.jpg;0
413LIF1di0L._SX342_.jpg;31zqXonAPWL._SX342_.jpg;0
51ALjg8BZKL._SX395_.jpg;41tLWXWmn-L._SX342_.jpg;1
51e9KFI87UL._SY445_.jpg;51enGIIvkVL._SX395_.jpg;0
31BJGvIZFnL._SX342_.jpg;51h0CWn20ML._SY395_.jpg;0
514z-GIEoYL._SY300_.jpg;41L0mKD68cL._SY300_.jpg;0
41LaAH7X-sL._SX342_.jpg;41iF1Frj3LL._SY395_.jpg;0
51kOsLZIlYL._SX395_.jpg;41mrOH45djL._SY445_.jpg;0
41x2463tuPL._SY445_.jpg;41RssEIUPWL._SX342_.jpg;0
51gPTVBq9PL._SY300_.jpg;41HQYb%2BfH4L._SX342_.jpg;0
51Oh0q8D2dL._SX395_.jpg;51dFxulNSFL._SY445_.jpg;0
41RG9YwQfBL._SX395_.jpg;51PG5h7CJjL._SX342_.jpg;0
41yWzxFpHgL._SY300_.jpg;51Lju4bJ7gL._SX342_.jpg;0
41YtpPmMmjL._SX342_.jpg;31cacKOJTsL._SX342_.jpg;0
513Sk6ubdBL._SY445_.jpg;417QOJZmIJL._SY395_.jpg;0
31xX9Gr7Z6L._SY300_.jpg;41IvQTfFqML._SX342_.jpg;1
31G4m1EDltL._SX395_.jpg;51ytgwSsCAL._SX342_.jpg;0
51wn1Y6j10L._SX342_.jpg;4119iF%2BhoPL._SX395_.jpg;0
31w9ZEsSnVL._SX342_.jpg;41SGUjyTUUL._SX342_.jpg;0
51sOHV%2BTfpL._SY395_.jpg;31v573H4RVL._SX342_.jpg;0
41mUCzGc8PL._SY395_.jpg;41fw19zTQpL._SX342_.jpg;0
41cQceiOfCL._SX395_.jpg;417CNKUyuUL._SX395_.jpg;0
413bsjvLLWL._SX342_.jpg;41WjjUZhixL._SY395_.jpg;0
41gGs2z4TcL._SX342_.jpg;51lEt8I0MuL._SX395_.jpg;0
41xHqbKldZL._SY445_.jpg;41wwrWiL-eL._SX395_.jpg;0
31wvxWyeELL._SX395_.jpg;41EOg2nZ2ML._SX342_.jpg;0
41oTqMPSeDL._SX395_.jpg;31yx-SQSohL._SY300_.jpg;0
41KV2P76WWL._SY395_.jpg;618eEPqCaRL._SX342_.jpg;0
51G9xdF3FDL._SX342_.jpg;41Xo8esMlJL._SX342_.jpg;0
51N%2BHTsqymL._SX342_.jpg;41HkW0zLD7L._SY445_.jpg;0
41UdVIeup%2BL._SX395_.jpg;41XQB8n6c1L.jpg;0
31IWKWBCTwL._SY445_.jpg;41KKg8CCcPL._SX342_.jpg;0
41ARWfI-vbL._SX395_.jpg;313pbg2ucEL._SX300_.jpg;0
31nvIZNgogL.jpg;51g6uqIdmlL._SY445_.jpg;0
41eSUSuqMoL._SX342_.jpg;51-jQJvZZ%2BL._SY300_.jpg;0
21NuiEYLzEL.jpg;41pP-Y8LO7L._SY395_.jpg;0
41g4KPquC9L._SX395_.jpg;51Qq0DXRYuL._SX395_.jpg;0
417oDzx30fL._SY300_.jpg;51joL7V5fiL._SX342_.jpg;0
41gXa%2BnjXoL._SY445_.jpg;41KfQHHMgtL._SX342_.jpg;0
51Do-VBgvQL._SY395_.jpg;51bo8jGNG-L._SX342_.jpg;0
41OECsIEQsL._SX342_.jpg;41AFSOOGisL._SY300_.jpg;0
31MqY86cXDL._SX395_.jpg;412HWmHEAFL._SX342_.jpg;0
41rupLw6uVL._SY445_.jpg;310peAukuUL.jpg;0
41unn9hHq2L._SX342_.jpg;41J2XByKq7L._SX342_.jpg;0
51toCoemk1L._SY300_.jpg;419zBy19kzL._SY445_.jpg;0
31DgXYC9dZL._SY445_.jpg;41puTXJ8V-L._SY395_.jpg;0
51EOaVlrooL._SX342_.jpg;51YMkmvZfqL._SX300_.jpg;0
41HcMY3rZRL._SY395_.jpg;41rxKjwlTtL._SX342_.jpg;0
51dTLcgOUUL._SX342_.jpg;41ojr7xFQsL._SY445_.jpg;0
41cOSwSsWjL._SX342_.jpg;41RYIr2tClL._SX395_.jpg;0
41e%2Bf8O4CRL._SY445_.jpg;41AVZYb137L._SX395_.jpg;0
413BOae8RQL._SX342_.jpg;51lTNmSk4oL._SY395_.jpg;0
419U1PVo9dL._SY445_.jpg;41PnCWcArdL._SX395_.jpg;0
416z9MvtRKL._SY445_.jpg;41uSDKePBwL._SX342_.jpg;0
31flZJNc4IL._SY445_.jpg;51QKM-32M8L._SX342_.jpg;0
51l3ytde63L._SX342_.jpg;41AglFJovsL._SY395_.jpg;0
41sepKw1QFL._SX342_.jpg;61S6GfGDuLL._SX342_.jpg;0
4100S3p1ZnL._SY445_.jpg;413IKpuy2yL._SX342_.jpg;0
61W4RMpu11L._SY395_.jpg;41-BQc7A0eL._SY445_.jpg;0
41be1or5j0L._SX395_.jpg;51o1XLwXnxL._SX342_.jpg;0
31Ivus1t5aL._SX342_.jpg;413HCRCA9HL._SY300_.jpg;0
41tqttNtZ1L._SY395_.jpg;413iDobEmdL._SX342_.jpg;0
41PLUvFCkRL._SY395_.jpg;417P3TNJTqL._SX395_.jpg;0
31QgthkVZUL._SY445_.jpg;31sE9d6hwdL._SX342_.jpg;0
51yp%2BOpAntL._SY300_.jpg;51PuM40%2B9nL._SY395_.jpg;0
51sFZt4g4%2BL._SY300_.jpg;418K7B1lo-L._SY445_.jpg;0
51sQDzwSLCL._SX342_.jpg;417xRQ2YZOL._SY395_.jpg;0
51yxcqfMJLL._SY395_.jpg;41SzWpU8K5L._SY395_.jpg;0
410uc97XYBL._SX342_.jpg;41PgmKpbKWL._SX342_.jpg;0
41nGkT30CEL._SX342_.jpg;41yLrYSNs5L._SX342_.jpg;1
41MtwtOGGlL._SX342_.jpg;416LSk4VE4L._SY445_.jpg;0
51M-8Ul2XlL._SY395_.jpg;51qpvU8UsdL._SX395_.jpg;0
412SfdINhaL._SY445_.jpg;41xqyCMAwBL._SX342_.jpg;0
31elE2VS83L._SX342_.jpg;31X0ZgOTjPL._SX342_.jpg;1
415ZqwlIaFL._SX342_.jpg;51nDDqPvNiL._SX300_.jpg;0
51TnCkuMMHL._SX342_.jpg;31W491VQk2L._SX395_.jpg;0
41b-JHHNVwL._SX395_.jpg;41kRXs1aGrL._SX342_.jpg;0
41%2BRkYNXm1L._SY300_.jpg;3150syl1DKL._SX342_.jpg;0
41JbHbbn03L._SX342_.jpg;41mrfd%2BZEGL._SY445_.jpg;0
41DKDlHI6uL._SY445_.jpg;41u5mcp-QSL._SX342_.jpg;0
41weV9abzoL._SY300_.jpg;41C6UTRCp3L._SX300_.jpg;0
41ICf1jkG9L._SY300_.jpg;51g77UskHPL._SX342_.jpg;0
315lqbsRbqL._SX342_.jpg;31MFkQq8nNL._SX342_.jpg;0
31iE2WsWEcL._SX395_.jpg;41vNBa8JHgL._SX342_.jpg;0
51ls9YUfooL._SY395_.jpg;41EGWE9AyrL._SX395_.jpg;0
31BQp3eVQyL._SY445_.jpg;51JFj5OY36L._SX342_.jpg;0
41OU4GfTWYL._SX395_.jpg;41i8P%2B9CNkL._SY395_.jpg;0
41Kv3p%2B9yLL._SY445_.jpg;31jaSuKLjqL.jpg;0
41AE2Ptxp-L._SY300_.jpg;41gy%2Bnq6R0L._SY300_.jpg;0
41mv1BZT5cL._SY395_.jpg;41Tq5tGI1lL._SX342_.jpg;0
41RQGasc95L._SY300_.jpg;41TobX8VD0L._SX342_.jpg;0
31AXBFqN9UL._SX395_.jpg;31wPRfHSvhL._SX342_.jpg;0
41UzUmEklNL._SX342_.jpg;41OTwfIiP2L._SY395_.jpg;0
411u%2BJW7FFL._SY300_.jpg;41nAlIsq9zL._SY300_.jpg;0
41gY1LyiyXL._SY395_.jpg;31MhSiJK0cL._SY445_.jpg;0
51kfS4vbruL._SY300_.jpg;41vh0cD0odL._SY445_.jpg;0
51hw7ZoYbuL._SX342_.jpg;51GIIJnjY%2BL._SY395_.jpg;0
41PvIngDI9L._SX342_.jpg;41GtduPL6gL._SX342_.jpg;0
3149jEhGlGL._SX342_.jpg;41i%2B%2BWbkvyL._SY445_.jpg;1
